<?xml version="1.0" encoding="UTF-8"?>
<swanCalibWrapperConfig xmlns="http://www.openda.org" xmlns:xsi="http://www.w3.org/2001/XMLSchema-instance" xsi:schemaLocation="http://www.openda.org http://schemas.openda.org/swanCalibWrapperConfig.xsd">
	<swanAction linuxExe="LINUX_SWAN_EXECUTABLE_SCRIPT" windowsExe="WINDOWS_SWAN_EXECUTABLE">
	</swanAction>
	<cleanupAction className="org.openda.utils.io.FileRemover">
		<arg>*.bot</arg>
		<arg>*.bod</arg>
		<arg>*.bat</arg>
		<arg>*.lev</arg>
		<arg>*.wlv</arg>
		<arg>*.cur</arg>
		<arg>*.crt</arg>
		<arg>*.grd</arg>
		<arg>*.gri</arg>
	</cleanupAction>
	<swivtParameters>PARAMETER_FILE</swivtParameters>
	<swanInputTemplate>INPUT_TEMPLATE_FILE</swanInputTemplate>
	<actualSwanInput>INPUT</actualSwanInput>
    <observationLocations>OBS_LOC_FILE</observationLocations>
	<swanResults>RESULTS_FILE</swanResults>
</swanCalibWrapperConfig>
