<?xml version="1.0" encoding="UTF-8"?>
<swanVisualization xmlns="http://www.openda.org" xmlns:xsi="http://www.w3.org/2001/XMLSchema-instance" xsi:schemaLocation="http://www.openda.org http://schemas.openda.org/swanVisualization.xsd">
	<swivt>
		<executable>SWIVT_VISUALIZATION_EXE</executable>
		<visualizationFiles>
			<presentationSettingsDirectory>SWIVT_PRESENTATION_FILE</presentationSettingsDirectory>
			<observationDirectory>../../stochObserver/observ</observationDirectory>
		</visualizationFiles>
		<outputDirectoryParent>../figures</outputDirectoryParent>
	</swivt>
</swanVisualization>
